Title,Type,Num Bids,Current Bid,Buy Price,End Date,Link
Palit GeForce RTX 2080 Ti Dual - 11GB,hybrid,2,509.0,699.0,2020-11-22 19:29:00,https://www.ricardo.ch/de/a/palit-geforce-rtx-2080-ti-dual-11gb-1145310930/
RADEON RX 550 GDDR5 4GB ASUS- HDMI,auction,13,51.0,,2020-11-18 19:38:26.149855,https://www.ricardo.ch/de/a/radeon-rx-550-gddr5-4gb-asus-hdmi-1144056020/
MSI GeForce GTX 970 Gaming 4G (GM204),auction,18,82.0,,2020-11-18 20:09:26.183729,https://www.ricardo.ch/de/a/msi-geforce-gtx-970-gaming-4g-(gm204)-1144397106/
Grafikkarte A9200SE 128 MB 64-bit DDR,auction,0,5.0,,2020-11-18 20:15:26.204672,https://www.ricardo.ch/de/a/grafikkarte-a9200se-128-mb-64-bit-ddr-1142538074/
GPU CAD NVIDIA Quadro K4000 - 3 Gb DDR5,direct,,,99.0,2020-11-19 18:30:00,https://www.ricardo.ch/de/a/gpu-cad-nvidia-quadro-k4000-3-gb-ddr5-1136903646/
Asus GTX 1070 O8G,auction,15,220.0,,2020-11-18 20:04:26.265516,https://www.ricardo.ch/de/a/asus-gtx-1070-o8g-1144715284/
NVIDIA QUADRO K1200 profess. Grafikkarte,hybrid,6,18.0,100.0,2020-11-21 20:00:00,https://www.ricardo.ch/de/a/nvidia-quadro-k1200-profess.-grafikkarte-1144873446/
NVidia Geforce Titan Black 6 GB,auction,21,47.0,,2020-11-22 21:40:00,https://www.ricardo.ch/de/a/nvidia-geforce-titan-black-6-gb-1144706454/
ASUS ROG Strix GTX 1060 OVP,auction,46,132.0,,2020-11-18 21:05:00,https://www.ricardo.ch/de/a/asus-rog-strix-gtx-1060-ovp-1144527106/
Asus GeForce Dual GTX 1060 3GB(OVP),auction,7,46.0,,2020-11-22 20:15:00,https://www.ricardo.ch/de/a/asus-geforce-dual-gtx-1060-3gb(ovp)-1145109000/
AMD FirePro W8100,hybrid,8,43.0,80.0,2020-11-22 18:32:00,https://www.ricardo.ch/de/a/amd-firepro-w8100-1145116314/
Grafikkarte Gigabyte GeForce GT 730 2GB,auction,5,21.0,,2020-11-24 18:29:00,https://www.ricardo.ch/de/a/grafikkarte-gigabyte-geforce-gt-730-2gb-1145034612/
Palit GeForce GTX 1050 Ti StormX,hybrid,24,38.0,80.0,2020-11-22 18:32:00,https://www.ricardo.ch/de/a/palit-geforce-gtx-1050-ti-stormx-1145116290/
Asus ROG Strix GTX 1070ti,auction,31,177.0,,2020-11-21 11:03:00,https://www.ricardo.ch/de/a/asus-rog-strix-gtx-1070ti-1144909014/
Nvidia Geforce GTX 970 MSI Gaming 4G,auction,23,43.0,,2020-11-20 17:31:00,https://www.ricardo.ch/de/a/nvidia-geforce-gtx-970-msi-gaming-4g-1144811816/
Starker Gaming PC Gtx 1060,auction,47,83.0,,2020-11-21 20:00:00,https://www.ricardo.ch/de/a/starker-gaming-pc-gtx-1060-1144538460/
Sapphire R9290 (defekt),auction,,,,2020-11-22 16:35:00,https://www.ricardo.ch/de/a/sapphire-r9290-(defekt)-1145098226/
Große Sammlung an Grafikkarten,auction,,,,2020-11-19 10:43:00,https://www.ricardo.ch/de/a/grosse-sammlung-an-grafikkarten-1144599728/
Gigabyte GeForce GTX 1080 G1 Gaming,auction,31,182.0,,2020-11-20 21:59:00,https://www.ricardo.ch/de/a/gigabyte-geforce-gtx-1080-g1-gaming-1144863588/
ASUS Radeon RX 5700 XT 8GB Grafikkarte,auction,7,312.0,,2020-11-20 19:59:00,https://www.ricardo.ch/de/a/asus-radeon-rx-5700-xt-8gb-grafikkarte-1145080974/
Notice carte graphique GForce 4TI / 4MX,auction,0,1.0,,2020-11-22 21:06:00,https://www.ricardo.ch/de/a/notice-carte-graphique-gforce-4ti-4mx-1145154416/
Alphacool Eisblock Aurora GPX-A RX5700XT,auction,0,19.0,,2020-11-20 20:04:00,https://www.ricardo.ch/de/a/alphacool-eisblock-aurora-gpx-a-rx5700xt-1145082408/
AMD Firepro W5100,auction,4,10.0,,2020-11-22 20:25:00,https://www.ricardo.ch/de/a/amd-firepro-w5100-1145145836/
Radeon Pro W5500 Workstation Grafikkarte,hybrid,0,169.0,319.0,2020-11-22 20:07:00,https://www.ricardo.ch/de/a/radeon-pro-w5500-workstation-grafikkarte-1145174378/
NVIDIA GTX 1080 Windforce 3X OC 8GB,auction,17,106.0,,2020-11-26 19:24:00,https://www.ricardo.ch/de/a/nvidia-gtx-1080-windforce-3x-oc-8gb-1145430456/
GYGABITE GTX 1660 SUPER 6gb,direct,,,250.0,2020-11-20 19:17:00,https://www.ricardo.ch/de/a/gygabite-gtx-1660-super-6gb-1144831882/
Grafikkarte Zotac 970 GTX,auction,12,67.0,,2020-11-18 20:30:00,https://www.ricardo.ch/de/a/grafikkarte-zotac-970-gtx-1144240520/
GeForce GTX1060 DUAL 3GB GDDR5 (192 Bit),hybrid,2,62.0,100.0,2020-11-19 16:38:00,https://www.ricardo.ch/de/a/geforce-gtx1060-dual-3gb-gddr5-(192-bit)-1144647706/
ASUS Geforce GTX 970 STRIX 4GB,auction,,,,2020-11-22 21:08:00,https://www.ricardo.ch/de/a/asus-geforce-gtx-970-strix-4gb-1145073824/
AMD HD 7970,auction,17,35.0,,2020-11-22 17:37:00,https://www.ricardo.ch/de/a/amd-hd-7970-1145108868/
Gigabyte GeForce RTX 2080 Ti TURBO 11G,auction,8,464.0,,2020-11-22 20:00:00,https://www.ricardo.ch/de/a/gigabyte-geforce-rtx-2080-ti-turbo-11g-1145043246/
EVGA Nvidia GeForce GTX 460 1GB,auction,0,10.0,,2020-11-21 19:47:00,https://www.ricardo.ch/de/a/evga-nvidia-geforce-gtx-460-1gb-1144981018/
3dfx Voodoo 3 2000 PCI 16mb Grafikkarte,auction,19,93.0,,2020-11-18 20:08:26.791165,https://www.ricardo.ch/de/a/3dfx-voodoo-3-2000-pci-16mb-grafikkarte-1144025536/
EVGA GeForce GTX 780Ti Classified,auction,,,,2020-11-22 20:20:00,https://www.ricardo.ch/de/a/evga-geforce-gtx-780ti-classified-1144690472/
ASUS GeForce RTX 2060 SUPER,auction,0,350.0,,2020-11-22 11:59:00,https://www.ricardo.ch/de/a/asus-geforce-rtx-2060-super-1145298026/
EVGA GeForce GTX 960 SSC (4GB),direct,,,80.0,2020-11-19 20:09:00,https://www.ricardo.ch/de/a/evga-geforce-gtx-960-ssc-(4gb)-1144595190/
Zotac GTX 980 4GB DDR5 256bit,auction,79,63.0,,2020-11-20 19:17:00,https://www.ricardo.ch/de/a/zotac-gtx-980-4gb-ddr5-256bit-1144833196/
Nvidia MSI GTX 1050 Ti OC,auction,9,51.0,,2020-11-22 20:46:00,https://www.ricardo.ch/de/a/nvidia-msi-gtx-1050-ti-oc-1145211826/
Nvidia GTX 1060 3GB OC Small,auction,2,55.0,,2020-11-25 23:11:00,https://www.ricardo.ch/de/a/nvidia-gtx-1060-3gb-oc-small-1145224982/
carte graphique asus A9250 agpx8 128m,auction,0,3.0,,2020-11-23 19:29:00,https://www.ricardo.ch/de/a/carte-graphique-asus-a9250-agpx8-128m-1145342894/
Sapphire AMD Radeon RX 570 Nitro+ 4GB,direct,,,70.0,2020-11-23 17:21:00,https://www.ricardo.ch/de/a/sapphire-amd-radeon-rx-570-nitro-4gb-1145271510/
NVIDIA Quadro P2200 BRAND NEW,hybrid,0,300.0,350.0,2020-11-24 20:49:00,https://www.ricardo.ch/de/a/nvidia-quadro-p2200-brand-new-1145461544/
Asus Geforce Gtx 1080 a8 Gaming,auction,191,181.0,,2020-11-19 11:49:00,https://www.ricardo.ch/de/a/asus-geforce-gtx-1080-a8-gaming-1144607090/
RTX 3070 Asus Dual OC 8GB Overclocked,hybrid,0,589.0,640.0,2020-11-22 18:04:00,https://www.ricardo.ch/de/a/rtx-3070-asus-dual-oc-8gb-overclocked-1144966118/
GIGABYTE GeForce GTX 750 Ti 2Gb,auction,0,30.0,,2020-11-22 20:00:00,https://www.ricardo.ch/de/a/gigabyte-geforce-gtx-750-ti-2gb-1143653966/
ASUS ENGTX285/2DI/1GD3,direct,,,100.0,2020-11-28 10:52:00,https://www.ricardo.ch/de/a/asus-engtx285-2di-1gd3-1144397648/
Grafikkart Asus Strix GTX 980Ti (6 GB),hybrid,0,135.0,160.0,2020-11-26 19:59:00,https://www.ricardo.ch/de/a/grafikkart-asus-strix-gtx-980ti-(6-gb)-1145485984/
Grafikkarte NVIDIA GeForce 9600GT,direct,,,80.0,2020-11-19 18:25:00,https://www.ricardo.ch/de/a/grafikkarte-nvidia-geforce-9600gt-1144662944/
ZOTAC GeForce 1060 GTX mit 6GB GDDR5,auction,36,81.25,,2020-11-21 20:30:00,https://www.ricardo.ch/de/a/zotac-geforce-1060-gtx-mit-6gb-gddr5-1144538512/
Palit nvidia GeForce GTX 580 3GB,hybrid,0,30.0,100.0,2020-11-20 21:02:00,https://www.ricardo.ch/de/a/palit-nvidia-geforce-gtx-580-3gb-1144435366/
Sapphire HD 7970 GHz Edition Toxic 6 GB,auction,,,,2020-11-19 20:13:00,https://www.ricardo.ch/de/a/sapphire-hd-7970-ghz-edition-toxic-6-gb-1144377832/
verteiler 4 Pin Molex 6 Pin PCI-Express,direct,,,3.95,2020-11-22 22:00:00,https://www.ricardo.ch/de/a/verteiler-4-pin-molex-6-pin-pci-express-1144710354/
ZOTAC GeForce RTX 2080 Ti AMP Extreme,auction,0,700.0,,2020-11-24 16:05:00,https://www.ricardo.ch/de/a/zotac-geforce-rtx-2080-ti-amp-extreme-1143847712/
Sapphire Radeon RX 570 ITX Pulse 4GB,hybrid,0,85.0,110.0,2020-11-22 20:35:00,https://www.ricardo.ch/de/a/sapphire-radeon-rx-570-itx-pulse-4gb-1144718642/
SAPPHIRE Radeon RX 570 (8GB),auction,6,102.0,,2020-11-20 19:14:00,https://www.ricardo.ch/de/a/sapphire-radeon-rx-570-(8gb)-1144729466/
NVIDIA Quadro K2200 / 4GB,hybrid,0,89.0,99.0,2020-11-20 12:38:00,https://www.ricardo.ch/de/a/nvidia-quadro-k2200-4gb-1144773000/
"ASUS GeForce GTX 760, 2GB GDDR5",hybrid,7,10.0,49.0,2020-11-19 20:00:00,https://www.ricardo.ch/de/a/asus-geforce-gtx-760-2gb-gddr5-1144758556/
MSI GeForce RTX 2070 Gaming Z,auction,6,306.0,,2020-11-22 20:01:00,https://www.ricardo.ch/de/a/msi-geforce-rtx-2070-gaming-z-1144713034/
carte graphique nvidia 64mb ms-8878 AGP,auction,0,5.5,,2020-11-23 19:30:00,https://www.ricardo.ch/de/a/carte-graphique-nvidia-64mb-ms-8878-agp-1145343460/
Zotac GeForce RTX 3090 Gaming Trinity,direct,,,1580.0,2020-11-24 14:43:00,https://www.ricardo.ch/de/a/zotac-geforce-rtx-3090-gaming-trinity-1144934484/
"Mining,Grafikkarten,Netzteil,Mainboard",hybrid,0,1799.0,2199.0,2020-11-20 10:50:00,https://www.ricardo.ch/de/a/mining-grafikkarten-netzteil-mainboard-1143239048/
MSI GEFORCE GTX 1070,hybrid,0,220.0,320.0,2020-11-24 04:37:00,https://www.ricardo.ch/de/a/msi-geforce-gtx-1070-1144140438/
2x ZOTAC GeForce GTX 780 OC 3GB,hybrid,0,105.0,150.0,2020-11-25 18:00:00,https://www.ricardo.ch/de/a/2x-zotac-geforce-gtx-780-oc-3gb-1144459390/
Gigabyte GVN 1060 Gaming,auction,0,99.0,,2020-11-18 20:59:00,https://www.ricardo.ch/de/a/gigabyte-gvn-1060-gaming-1144187106/
AMD / ATI Crossfire Bridge 9cm,direct,,,5.0,2020-11-21 20:58:00,https://www.ricardo.ch/de/a/amd-ati-crossfire-bridge-9cm-1144542596/
Asus Rog Strix RX 5700XT 8GB,hybrid,4,350.0,400.0,2020-11-20 19:00:00,https://www.ricardo.ch/de/a/asus-rog-strix-rx-5700xt-8gb-1144803844/
"NVIDIA Grafikkarte NVS 300, 512MB Ram",auction,0,1.0,,2020-11-28 19:14:00,https://www.ricardo.ch/de/a/nvidia-grafikkarte-nvs-300-512mb-ram-1145596148/
(107.107.107)Grafikkarte Gainward 7900GS,auction,0,40.0,,2020-11-18 19:43:28.609245,https://www.ricardo.ch/de/a/(107.107.107)grafikkarte-gainward-7900gs-1134684380/
Passive GeForce GTX 1050 4GB Gamer GraKa,direct,,,99.95,2020-11-22 19:32:00,https://www.ricardo.ch/de/a/passive-geforce-gtx-1050-4gb-gamer-graka-1144676082/
MSI Gaming GeForce GTX 1080 8GB,hybrid,0,320.0,400.0,2020-11-23 15:58:00,https://www.ricardo.ch/de/a/msi-gaming-geforce-gtx-1080-8gb-1142726814/
kabel 4 Pin Molex zu 6 Pin PCI-Express P,direct,,,2.95,2020-11-22 22:04:00,https://www.ricardo.ch/de/a/kabel-4-pin-molex-zu-6-pin-pci-express-p-1144711158/
MSI Radeon RX 580 Armor OC 8GB,hybrid,2,102.0,150.0,2020-11-20 11:02:00,https://www.ricardo.ch/de/a/msi-radeon-rx-580-armor-oc-8gb-1144764028/
Razer Core X eGPU Gehäuse Thunderbolt,direct,,,249.0,2020-11-22 20:04:00,https://www.ricardo.ch/de/a/razer-core-x-egpu-gehaeuse-thunderbolt-1145150234/
MSI AMD Vega 64 8GB - Grafikkarte,hybrid,2,219.0,299.0,2020-11-22 20:07:00,https://www.ricardo.ch/de/a/msi-amd-vega-64-8gb-grafikkarte-1145323984/
ASUS GeForce GTX 770 DirectCU II,hybrid,0,40.0,50.0,2020-11-25 15:30:00,https://www.ricardo.ch/de/a/asus-geforce-gtx-770-directcu-ii-1144504120/
EVGA GeForce GTX 1060 3GB SSC GAMING,hybrid,0,150.0,220.0,2020-11-22 15:03:00,https://www.ricardo.ch/de/a/evga-geforce-gtx-1060-3gb-ssc-gaming-1142482814/
ASUS Geforce RTX 2060S Dual O8G Evo,direct,,,399.0,2020-11-22 20:19:00,https://www.ricardo.ch/de/a/asus-geforce-rtx-2060s-dual-o8g-evo-1145176432/
ASUS PCI Graphik Karte ENGT430/DI/1GD3,hybrid,0,45.0,65.0,2020-11-23 07:46:00,https://www.ricardo.ch/de/a/asus-pci-graphik-karte-engt430-di-1gd3-1142018202/
NVIDIA GeForce GTX 1050 Ti - 4GB,auction,24,73.0,,2020-11-22 19:45:00,https://www.ricardo.ch/de/a/nvidia-geforce-gtx-1050-ti-4gb-1144925804/
Ab CHF 1.- NVIDIA NVS 300 512MB,hybrid,0,1.0,15.0,2020-11-21 14:00:00,https://www.ricardo.ch/de/a/ab-chf-1.-nvidia-nvs-300-512mb-1141811002/
Sapphire ATI Radeon HD 2600 PRO 512 MB,direct,,,67.95,2020-11-28 08:56:00,https://www.ricardo.ch/de/a/sapphire-ati-radeon-hd-2600-pro-512-mb-1128885640/
ASUS EN9400GT SILENT 512MB,auction,0,5.0,,2020-11-19 06:38:00,https://www.ricardo.ch/de/a/asus-en9400gt-silent-512mb-1142138318/
GIGABYTE GeForce GTX 1080 Windforce OC,hybrid,0,270.0,299.0,2020-11-21 08:50:00,https://www.ricardo.ch/de/a/gigabyte-geforce-gtx-1080-windforce-oc-1144853122/
3 Grafikkarten,auction,0,5.0,,2020-11-20 20:30:00,https://www.ricardo.ch/de/a/3-grafikkarten-1144907070/
Grafikkarte ASUS EN7600GS SILENT,auction,0,1.0,,2020-11-22 23:28:00,https://www.ricardo.ch/de/a/grafikkarte-asus-en7600gs-silent-1142919058/
Grafikkarte SFF PC AMD Radeon HD7470 1GB,direct,,,19.0,2020-11-22 12:42:00,https://www.ricardo.ch/de/a/grafikkarte-sff-pc-amd-radeon-hd7470-1gb-1143686858/
Gigabyte GTX 1050,direct,,,99.0,2020-11-24 14:07:00,https://www.ricardo.ch/de/a/gigabyte-gtx-1050-1144929714/
PCI-Express Grafikkarten-Stromkabel,direct,,,2.75,2020-11-22 17:30:00,https://www.ricardo.ch/de/a/pci-express-grafikkarten-stromkabel-1144653216/
"Grafikkarte, PNY NVIDIA Quadro P1000",hybrid,0,222.0,260.0,2020-11-21 20:21:00,https://www.ricardo.ch/de/a/grafikkarte-pny-nvidia-quadro-p1000-1143860024/
Ab CHF 1.- AMD ATI-102-C09003(B) HD6350,hybrid,0,1.0,15.0,2020-11-21 14:00:00,https://www.ricardo.ch/de/a/ab-chf-1.-amd-ati-102-c09003(b)-hd6350-1141812674/
PNY nVidia Quattro FX380 PCIe GDDR3 256M,auction,0,1.0,,2020-11-22 19:05:00,https://www.ricardo.ch/de/a/pny-nvidia-quattro-fx380-pcie-gddr3-256m-1141951084/
PNY nVidia Quattro FX380 PCIe GDDR3 256M,auction,0,1.0,,2020-11-22 18:59:00,https://www.ricardo.ch/de/a/pny-nvidia-quattro-fx380-pcie-gddr3-256m-1141950718/
TUF 3-RX5700XT-O8G-GAMING,auction,0,399.0,,2020-11-22 18:04:00,https://www.ricardo.ch/de/a/tuf-3-rx5700xt-o8g-gaming-1142340128/
HP QUADRO K4000 3GB GPU,hybrid,0,75.0,250.0,2020-11-22 19:19:00,https://www.ricardo.ch/de/a/hp-quadro-k4000-3gb-gpu-1143858548/
HP QUADRO K4000 3GB GPU,hybrid,0,75.0,250.0,2020-11-24 19:34:00,https://www.ricardo.ch/de/a/hp-quadro-k4000-3gb-gpu-1143859870/
Gigabyte GeForce RTX 3070 Eagle,hybrid,0,685.0,750.0,2020-11-19 20:00:00,https://www.ricardo.ch/de/a/gigabyte-geforce-rtx-3070-eagle-1144400224/
PNY GeForce GTX 970 4GB Graphics Card,hybrid,0,50.0,85.0,2020-11-21 17:35:00,https://www.ricardo.ch/de/a/pny-geforce-gtx-970-4gb-graphics-card-1144960412/
Gigabyte GT 730 Rev 1.1,auction,0,20.0,,2020-11-23 16:26:00,https://www.ricardo.ch/de/a/gigabyte-gt-730-rev-1.1-1138338292/
Grafikkarte PowerColor Radeon HD5770 1GB,auction,0,1.0,,2020-11-22 20:14:00,https://www.ricardo.ch/de/a/grafikkarte-powercolor-radeon-hd5770-1gb-1145169304/
Graphickarte AGP KYRO/Ati 64,direct,,,49.0,2020-11-22 09:26:00,https://www.ricardo.ch/de/a/graphickarte-agp-kyro-ati-64-1063743674/
MSI GeForce GTX 1060 ARMOR 6G OC,auction,0,120.0,,2020-11-25 08:32:00,https://www.ricardo.ch/de/a/msi-geforce-gtx-1060-armor-6g-oc-1142914972/
ASUS DUAL GeForce GTX 1060 3G,hybrid,0,159.0,160.0,2020-11-21 18:59:00,https://www.ricardo.ch/de/a/asus-dual-geforce-gtx-1060-3g-1145389068/
ASUS EAH5450 SILENT 1GB DDR2 (NEU),direct,,,20.0,2020-11-19 20:32:00,https://www.ricardo.ch/de/a/asus-eah5450-silent-1gb-ddr2-(neu)-1140568716/
Gigabyte RX5700 XT Gaming OC,direct,,,379.0,2020-11-22 19:00:00,https://www.ricardo.ch/de/a/gigabyte-rx5700-xt-gaming-oc-1141112984/
kabel 4 Pin Molex zu 6 Pin PCI-Express P,direct,,,2.95,2020-11-19 10:36:00,https://www.ricardo.ch/de/a/kabel-4-pin-molex-zu-6-pin-pci-express-p-1144131808/
Asus Strix GTX 980ti,direct,,,175.0,2020-11-22 22:35:00,https://www.ricardo.ch/de/a/asus-strix-gtx-980ti-1145319904/
Grafikkarte MSI GeForce GT710,auction,20,24.0,,2020-11-18 20:31:00,https://www.ricardo.ch/de/a/grafikkarte-msi-geforce-gt710-1144056444/
MSI GTX 960 GAMING 4G,hybrid,0,50.0,110.0,2020-11-19 19:29:00,https://www.ricardo.ch/de/a/msi-gtx-960-gaming-4g-1144373118/
ASUS STRIX R7 370 Grafikkarte,auction,0,189.0,,2020-11-22 09:26:00,https://www.ricardo.ch/de/a/asus-strix-r7-370-grafikkarte-1141869532/
Nvidia Quadro 4000,auction,0,50.0,,2020-11-22 13:16:00,https://www.ricardo.ch/de/a/nvidia-quadro-4000-1142928164/
Nvidia Quadro 4000,auction,0,50.0,,2020-11-22 13:24:00,https://www.ricardo.ch/de/a/nvidia-quadro-4000-1142928480/
Grafikkarte Asus Geforce GTX 1050 Ti,auction,0,90.0,,2020-11-23 15:52:00,https://www.ricardo.ch/de/a/grafikkarte-asus-geforce-gtx-1050-ti-1145281548/
AMD FirePro W7100 8 GB,hybrid,0,140.0,220.0,2020-11-20 22:30:00,https://www.ricardo.ch/de/a/amd-firepro-w7100-8-gb-1143187432/
Gainward GTX1060 3GB GDDR5,hybrid,0,99.0,219.0,2020-11-20 21:53:00,https://www.ricardo.ch/de/a/gainward-gtx1060-3gb-gddr5-1143519006/
ASUS RX 5700 XT ROG Strix O8G Gaming,direct,,,379.0,2020-11-23 18:14:00,https://www.ricardo.ch/de/a/asus-rx-5700-xt-rog-strix-o8g-gaming-1141047002/
nVidia Quadro NVS 310,auction,0,15.0,,2020-11-23 00:40:00,https://www.ricardo.ch/de/a/nvidia-quadro-nvs-310-1140977940/
AMD RADEON RX VEGA 56 8GB Sapphire,direct,,,265.0,2020-11-24 22:56:00,https://www.ricardo.ch/de/a/amd-radeon-rx-vega-56-8gb-sapphire-1141273924/
Geforce GTX 1080 TI MSI Aero OC 11GB,auction,0,305.0,,2020-11-19 19:15:00,https://www.ricardo.ch/de/a/geforce-gtx-1080-ti-msi-aero-oc-11gb-1144620738/
Asus STRIX-GTX960 Gaming Grafikkarte,hybrid,0,59.0,89.0,2020-11-27 20:37:00,https://www.ricardo.ch/de/a/asus-strix-gtx960-gaming-grafikkarte-1145597650/
XFX RX 580 8GB,hybrid,0,149.5,149.9,2020-11-19 21:29:00,https://www.ricardo.ch/de/a/xfx-rx-580-8gb-1145395166/
kabel 4 Pin Molex zu 6 Pin PCI-Express P,direct,,,2.95,2020-11-22 21:56:00,https://www.ricardo.ch/de/a/kabel-4-pin-molex-zu-6-pin-pci-express-p-1143137090/
Pc Teil,auction,0,40.0,,2020-11-19 22:30:00,https://www.ricardo.ch/de/a/pc-teil-1144716736/
Gigabyte Geforce G1 Windforce GTX 980,hybrid,6,55.0,100.0,2020-11-22 12:19:00,https://www.ricardo.ch/de/a/gigabyte-geforce-g1-windforce-gtx-980-1145061350/
HIS IceQ Radeon X1600Pro Dual Link DVI,auction,0,29.0,,2020-11-22 13:53:00,https://www.ricardo.ch/de/a/his-iceq-radeon-x1600pro-dual-link-dvi-1142816972/
Nvidia NVS 310 - Dual DisplayPort,auction,0,18.0,,2020-11-19 14:12:00,https://www.ricardo.ch/de/a/nvidia-nvs-310-dual-displayport-1143338912/
NVIDIA 2080ti double système eau 2080ti,auction,52,851.0,,2020-11-21 17:59:00,https://www.ricardo.ch/de/a/nvidia-2080ti-double-systeme-eau-2080ti-1134784910/
SAMOS GTX 1080 Ti Waterblock,hybrid,0,75.0,125.0,2020-11-23 13:05:00,https://www.ricardo.ch/de/a/samos-gtx-1080-ti-waterblock-1144153684/
nVidia Quadro NVS 310 1GB,direct,,,22.9,2020-11-22 19:18:00,https://www.ricardo.ch/de/a/nvidia-quadro-nvs-310-1gb-1144672030/
3 x PCI Express Riser Karte,auction,,,,2020-11-18 19:42:30.759136,https://www.ricardo.ch/de/a/3-x-pci-express-riser-karte-1142923430/
Grafikkarte,auction,8,55.0,,2020-11-21 11:24:00,https://www.ricardo.ch/de/a/grafikkarte-1144912006/
ASUS GeForce GTX 1080 STRIX GAMING,auction,15,152.0,,2020-11-19 20:27:00,https://www.ricardo.ch/de/a/asus-geforce-gtx-1080-strix-gaming-1144221952/
Grafikkarte MSI Radeon HD 4350 PCI-E 512,hybrid,0,12.0,18.0,2020-11-22 20:03:00,https://www.ricardo.ch/de/a/grafikkarte-msi-radeon-hd-4350-pci-e-512-1145148476/
Original Verpackt AMD Radeon RX 5700 XT,auction,0,424.0,,2020-11-22 19:39:00,https://www.ricardo.ch/de/a/original-verpackt-amd-radeon-rx-5700-xt-1140249316/
Matrox M9148 LP PCIe x16 (Low profile),hybrid,0,59.0,129.0,2020-11-21 14:00:00,https://www.ricardo.ch/de/a/matrox-m9148-lp-pcie-x16-(low-profile)-1141810212/
HP 454319–001 NVIDIA Quadro NVS 290,hybrid,0,15.0,25.0,2020-11-18 19:51:30.879814,https://www.ricardo.ch/de/a/hp-454319%E2%80%93001-nvidia-quadro-nvs-290-1144058088/
ASUS GeForce GTX 1080 STRIX GAMING,auction,103,148.0,,2020-11-19 20:27:00,https://www.ricardo.ch/de/a/asus-geforce-gtx-1080-strix-gaming-1144221958/
ASUS GeForce GTX 1080 STRIX GAMING,auction,106,152.0,,2020-11-19 20:27:00,https://www.ricardo.ch/de/a/asus-geforce-gtx-1080-strix-gaming-1144221964/
NVIDIA GeForce RTX 3070 Founders Edition,hybrid,4,570.0,775.0,2020-11-26 15:28:00,https://www.ricardo.ch/de/a/nvidia-geforce-rtx-3070-founders-edition-1145251846/
NVIDIA NVS 295,auction,0,9.0,,2020-11-23 09:22:00,https://www.ricardo.ch/de/a/nvidia-nvs-295-1134788674/
ASUS GTX 970,auction,0,150.0,,2020-11-23 18:45:00,https://www.ricardo.ch/de/a/asus-gtx-970-1143332012/
NVIDIA Quadro NVS 290,auction,0,16.0,,2020-11-18 19:51:30.999494,https://www.ricardo.ch/de/a/nvidia-quadro-nvs-290-1144058092/
EVGA Pro SLI Bridge,direct,,,22.0,2020-11-19 22:52:00,https://www.ricardo.ch/de/a/evga-pro-sli-bridge-1134495300/
EVGA GTX 560 Nvidia 1Go GDDR5 PCI-Expr,hybrid,0,20.0,25.0,2020-11-19 20:00:00,https://www.ricardo.ch/de/a/evga-gtx-560-nvidia-1go-gddr5-pci-expr-1131758248/
"MSI RX 580 ARMOR OC (8GB, High End)",direct,,,99.0,2020-11-28 14:29:00,https://www.ricardo.ch/de/a/msi-rx-580-armor-oc-(8gb-high-end)-1058131018/
Asus GeForce TUF RTX 3080 Gaming - 10G,direct,,,1059.0,2020-11-25 17:28:00,https://www.ricardo.ch/de/a/asus-geforce-tuf-rtx-3080-gaming-10g-1145507766/
Sapphire Radeon RX 580 Nitro+ 4GB,auction,4,5.0,,2020-11-25 11:37:00,https://www.ricardo.ch/de/a/sapphire-radeon-rx-580-nitro-4gb-1145531756/
MSI Geforce GTX 1070 TI 8GB,hybrid,0,169.0,259.0,2020-11-22 19:29:00,https://www.ricardo.ch/de/a/msi-geforce-gtx-1070-ti-8gb-1145567748/
GIGABYTE GeForce GTX 1070 WINDFORCE 8GB,hybrid,0,149.0,220.0,2020-11-22 19:29:00,https://www.ricardo.ch/de/a/gigabyte-geforce-gtx-1070-windforce-8gb-1145567848/
Nvidia Quadro K4200,direct,,,125.0,2020-11-28 16:11:00,https://www.ricardo.ch/de/a/nvidia-quadro-k4200-1145570014/
Sapphire Nitro+ RX570 4GB,hybrid,0,50.0,70.0,2020-11-22 18:23:00,https://www.ricardo.ch/de/a/sapphire-nitro-rx570-4gb-1145588816/
Matrox M9120 Plus,hybrid,0,20.0,100.0,2020-11-25 13:08:00,https://www.ricardo.ch/de/a/matrox%C2%A0m9120-plus-1104855572/
GTX 1650 normal Profile Bracket,direct,,,5.0,2020-11-23 08:50:00,https://www.ricardo.ch/de/a/gtx-1650-normal-profile-bracket-1129854744/
ATI RADEON X1050,auction,0,9.9,,2020-11-24 13:16:00,https://www.ricardo.ch/de/a/ati-radeon-x1050-1143229954/
PCI-Express Grafikkarten-Stromkabel,direct,,,3.45,2020-11-21 11:22:00,https://www.ricardo.ch/de/a/pci-express-grafikkarten-stromkabel-1128782856/
graphique ASUS EN6500/TD/128M/A pci-e,auction,0,7.1,,2020-11-23 19:29:00,https://www.ricardo.ch/de/a/graphique-asus-en6500-td-128m-a-pci-e-1128828876/
carte graphique ATI Radeon X300 128MB,auction,0,6.6,,2020-11-23 19:30:00,https://www.ricardo.ch/de/a/carte-graphique-ati-radeon-x300-128mb-1128829116/
carte graphique ati radeon x300 256mb,auction,0,7.3,,2020-11-23 19:29:00,https://www.ricardo.ch/de/a/carte-graphique-ati-radeon-x300-256mb-1128829422/
ATI Radeon X300 SE 128MB DVI PCIe,auction,0,5.2,,2020-11-23 19:29:00,https://www.ricardo.ch/de/a/ati-radeon-x300-se-128mb-dvi-pcie-1128829604/
ATI radeon x550 128mb 256mb vga/tv,auction,0,4.1,,2020-11-23 19:30:00,https://www.ricardo.ch/de/a/ati-radeon-x550-128mb-256mb-vga-tv-1128829758/
Carte graphique asus gt630 2gd3,auction,0,15.6,,2020-11-23 19:30:00,https://www.ricardo.ch/de/a/carte-graphique-asus-gt630-2gd3-1145341146/
XFX Radeon RX 5700 XT THICC II,auction,0,450.0,,2020-11-20 06:52:00,https://www.ricardo.ch/de/a/xfx-radeon-rx-5700-xt-thicc-ii-1137938318/
Geforce GTX 770 4GB,auction,,,,2020-11-22 20:55:00,https://www.ricardo.ch/de/a/geforce-gtx-770-4gb-1145244036/
2x Arctic Thermal Pad 50 x 50 x 1mm,hybrid,0,14.9,15.0,2020-11-19 20:37:00,https://www.ricardo.ch/de/a/2x-arctic-thermal-pad-50-x-50-x-1mm-1140417428/
Gigabyte GeForce RTX 3080 Gaming OC 10G,hybrid,0,1099.0,1249.0,2020-11-24 09:23:00,https://www.ricardo.ch/de/a/gigabyte-geforce-rtx-3080-gaming-oc-10g-1145515858/
Razer Blade 15 2019 - RTX 2070,hybrid,0,1600.0,2100.0,2020-11-23 19:21:00,https://www.ricardo.ch/de/a/razer-blade-15-2019-rtx-2070-1134839142/
Vega 64,hybrid,0,250.0,400.0,2020-11-24 12:00:00,https://www.ricardo.ch/de/a/vega-64-1137002956/
Matrox Milllenium PCI Graphikkarte,auction,0,19.0,,2020-11-22 13:52:00,https://www.ricardo.ch/de/a/matrox-milllenium-pci-graphikkarte-1142816408/
Palit GeForce GTX 1060 Dual,auction,0,85.0,,2020-11-23 10:56:00,https://www.ricardo.ch/de/a/palit-geforce-gtx-1060-dual-1145213904/
RADEON RX 580 8gb,auction,,,,2020-11-23 14:10:00,https://www.ricardo.ch/de/a/radeon-rx-580-8gb-1145245632/
2 x Geforce GTX 1080 TI,hybrid,0,749.0,899.0,2020-11-21 19:59:00,https://www.ricardo.ch/de/a/2-x-geforce-gtx-1080-ti-1145292412/
"HP, nVidia NVS 510 Grafikkarte, 2GB",hybrid,0,25.0,250.0,2020-11-22 21:15:00,https://www.ricardo.ch/de/a/hp-nvidia-nvs-510-grafikkarte-2gb-1145428410/
ASUS GTX 1060,auction,0,150.0,,2020-11-22 20:04:00,https://www.ricardo.ch/de/a/asus-gtx-1060-1145324200/
ASUS GTX 660 Ti,hybrid,0,20.0,30.0,2020-11-23 22:03:00,https://www.ricardo.ch/de/a/asus-gtx-660-ti-1145324614/
ASUS GTX 660 Ti,hybrid,0,20.0,30.0,2020-11-23 22:03:00,https://www.ricardo.ch/de/a/asus-gtx-660-ti-1145324626/
DEFEKTER AOC C27G2ZU,auction,0,50.0,,2020-11-23 22:23:00,https://www.ricardo.ch/de/a/defekter-aoc-c27g2zu-1145325974/
MSI RTX 3080 Gaming X TRIO Per Sofort!,hybrid,0,1150.0,1450.0,2020-11-21 21:00:00,https://www.ricardo.ch/de/a/msi-rtx-3080-gaming-x-trio-per-sofort!-1145420070/
MSI RTX 3080 Gaming X Trio 10G,hybrid,0,1229.0,1349.0,2020-11-25 09:21:00,https://www.ricardo.ch/de/a/msi-rtx-3080-gaming-x-trio-10g-1144347210/
"Nvidia K4200 Quadro, 4.0GB GDDR5",direct,,,177.0,2020-11-20 19:53:00,https://www.ricardo.ch/de/a/nvidia-k4200-quadro-4.0gb-gddr5-1129376912/
Gigabyte GeForce RTX 3080 Gaming OC,direct,,,1099.0,2020-11-23 14:43:00,https://www.ricardo.ch/de/a/gigabyte-geforce-rtx-3080-gaming-oc-1145247422/
Gainward Geforce GTX 1060 6GB,auction,6,60.0,,2020-11-22 21:30:00,https://www.ricardo.ch/de/a/gainward-geforce-gtx-1060-6gb-1145406630/
RTX 3080 FE Founder Edition Nvidia NEU,hybrid,0,1599.0,2499.0,2020-11-24 17:18:00,https://www.ricardo.ch/de/a/rtx-3080-fe-founder-edition-nvidia-neu-1145431128/
MSI GeForce GTX 1050 TI OC Grafikkarte,direct,,,99.0,2020-11-27 17:59:00,https://www.ricardo.ch/de/a/msi-geforce-gtx-1050-ti-oc-grafikkarte-1145434666/
Grafikkarte Asus NVidia GT 610,hybrid,0,5.0,20.0,2020-11-24 21:38:00,https://www.ricardo.ch/de/a/grafikkarte-asus-nvidia-gt-610-1145463958/
carte graphique his ice Q turbo 512mb,auction,0,5.5,,2020-11-23 19:30:00,https://www.ricardo.ch/de/a/carte-graphique-his-ice-q-turbo-512mb-1143878682/
NVIDIA GeForce GTX580,hybrid,0,59.0,90.0,2020-11-24 06:14:00,https://www.ricardo.ch/de/a/nvidia-geforce-gtx580-1140134068/
Asus GTX 480,auction,0,15.0,,2020-11-22 16:09:00,https://www.ricardo.ch/de/a/asus-gtx-480-1144007838/
"HP, nVidia Quadro NVS 310 GK, 512 MB",hybrid,0,25.0,75.0,2020-11-22 20:15:00,https://www.ricardo.ch/de/a/hp-nvidia-quadro-nvs-310-gk-512-mb-1145428952/
ASUS GTX 1080 TI founders edition hybrid,hybrid,0,300.0,700.0,2020-11-24 20:30:00,https://www.ricardo.ch/de/a/asus-gtx-1080-ti-founders-edition-hybrid-1145011754/
ATI Radeon HD6350 Grafikkarte 512 MB,hybrid,0,13.0,20.0,2020-11-24 10:50:00,https://www.ricardo.ch/de/a/ati-radeon-hd6350-grafikkarte-512-mb-1140165640/
MSI GeForce RTX2080 DUKE 8G OC V372-003R,direct,,,549.0,2020-11-21 17:24:00,https://www.ricardo.ch/de/a/msi-geforce-rtx2080-duke-8g-oc-v372-003r-1131369088/
MSI GeForce GTX 1080 GAMING X+ 8GB,auction,0,200.0,,2020-11-25 20:29:00,https://www.ricardo.ch/de/a/msi-geforce-gtx-1080-gaming-x-8gb-1145398538/
NVIDIA QUADRO FX570 PCI-E 256Mb,hybrid,0,10.0,15.0,2020-11-22 19:28:00,https://www.ricardo.ch/de/a/nvidia-quadro-fx570-pci-e-256mb-1141218220/
ATI RADEON HD 2400 XT PCI-E 256Mb,hybrid,0,10.0,15.0,2020-11-22 19:26:00,https://www.ricardo.ch/de/a/ati-radeon-hd-2400-xt-pci-e-256mb-1141218924/
AMD HD7950 OC 3GB DDR5 PCI-E Grafikkarte,auction,0,40.0,,2020-11-25 15:24:00,https://www.ricardo.ch/de/a/amd-hd7950-oc-3gb-ddr5-pci-e-grafikkarte-1136005078/
SAPPHIRE Radeon RX 580 Nitro+,direct,,,119.0,2020-11-20 09:31:00,https://www.ricardo.ch/de/a/sapphire-radeon-rx-580-nitro-1143497334/
Grafikkarte Nvidia NVS 310,direct,,,15.0,2020-11-20 05:48:00,https://www.ricardo.ch/de/a/grafikkarte-nvidia-nvs-310-1141299176/
ASUS AMD Radeon R9 270 Grafikkarte,hybrid,0,50.0,95.0,2020-11-25 14:42:00,https://www.ricardo.ch/de/a/asus-amd-radeon-r9-270-grafikkarte-1131962732/
Zotac GT 440 1 GB DDR 5,hybrid,0,39.0,99.0,2020-11-19 21:14:00,https://www.ricardo.ch/de/a/zotac-gt-440-1-gb-ddr-5-1127396652/
PCMCIA 54 mm 6-polige 1394A IEEE 1394,direct,,,25.0,2020-11-21 11:54:00,https://www.ricardo.ch/de/a/pcmcia-54-mm-6-polige-1394a-ieee-1394-1132535334/
Gigabyte Radeon HD 6950 OC (1 GB),auction,0,25.0,,2020-11-19 12:46:00,https://www.ricardo.ch/de/a/gigabyte-radeon-hd-6950-oc-(1-gb)-1139254558/
GEFORCE GTX 1070 Grafikkarte,auction,0,100.0,,2020-11-24 23:17:00,https://www.ricardo.ch/de/a/geforce-gtx-1070-grafikkarte-1145478142/
Interne PCI-TV-Tuner-Karte,direct,,,35.0,2020-11-21 21:52:00,https://www.ricardo.ch/de/a/interne-pci-tv-tuner-karte-1050316478/
GeForce GTX 1060 Xtreme Gaming 6 GB,hybrid,48,133.0,350.0,2020-11-19 18:59:00,https://www.ricardo.ch/de/a/geforce-gtx-1060-xtreme-gaming-6-gb-1144724802/
Thermal grizzly & Arctic Clean,hybrid,0,19.0,29.0,2020-11-21 11:10:00,https://www.ricardo.ch/de/a/thermal-grizzly-arctic-clean-1144909836/
Grafikkarte,auction,0,50.0,,2020-11-25 16:52:00,https://www.ricardo.ch/de/a/grafikkarte-1145575574/
Crossfire GPU Connector,direct,,,8.95,2020-11-22 21:12:00,https://www.ricardo.ch/de/a/crossfire-gpu-connector-1120713582/
2 Typ C Anschlüsse USB 3.1 PCI Express K,direct,,,40.0,2020-11-24 22:00:00,https://www.ricardo.ch/de/a/2-typ-c-anschluesse-usb-3.1-pci-express-k-1028620226/
Grafikkarte ATI FirePro V8700 1GB PCI Ex,direct,,,49.0,2020-11-26 15:52:00,https://www.ricardo.ch/de/a/grafikkarte-ati-firepro-v8700-1gb-pci-ex-1134878108/
Nvidia GTX 1080 Ti 11 Gb Founders Editio,direct,,,380.0,2020-11-19 17:18:00,https://www.ricardo.ch/de/a/nvidia-gtx-1080-ti-11-gb-founders-editio-1145428898/
nVidia GeForce GTX 950 STRIX,hybrid,0,97.0,140.0,2020-11-21 19:08:00,https://www.ricardo.ch/de/a/nvidia-geforce-gtx-950-strix-1118103734/
Grafikkarte AMD Radeon 6570,direct,,,22.0,2020-11-20 20:12:00,https://www.ricardo.ch/de/a/grafikkarte-amd-radeon-6570-1144387174/
Gigabyte repl fan - 88 mm - T129215SU,direct,,,9.9,2020-11-19 12:20:00,https://www.ricardo.ch/de/a/gigabyte-repl-fan-88-mm-t129215su-1145225514/
Gainward GeForce RTX3070 Phoenix GS 8GB,direct,,,799.0,2020-11-22 15:39:00,https://www.ricardo.ch/de/a/gainward-geforce-rtx3070-phoenix-gs-8gb-1144640040/
Grafikkarte Geforce GTX 980 ti ACX 2.0+,auction,0,115.0,,2020-11-23 22:16:00,https://www.ricardo.ch/de/a/grafikkarte-geforce-gtx-980-ti-acx-2.0-1136453380/
ASUS Nvidia GeForce GT 630,direct,,,15.0,2020-11-22 16:08:00,https://www.ricardo.ch/de/a/asus-nvidia-geforce-gt-630-1145092928/
Radeon RX 570 4GB - DEFEKT,auction,,,,2020-11-22 19:50:00,https://www.ricardo.ch/de/a/radeon-rx-570-4gb-defekt-1144927894/
Gigabyte 1080 - 1070 Ti repl fan - 75 mm,direct,,,9.9,2020-11-19 12:22:00,https://www.ricardo.ch/de/a/gigabyte-1080-1070-ti-repl-fan-75-mm-1144917646/
Asus ENGTX 275,hybrid,0,10.0,20.0,2020-11-26 12:16:00,https://www.ricardo.ch/de/a/asus-engtx-275-1132718322/
SAPPHIRE NITRO+ RX 570 4G G5,hybrid,0,90.0,132.0,2020-11-19 20:30:00,https://www.ricardo.ch/de/a/sapphire-nitro-rx-570-4g-g5-1131895918/
3 Nvidia GeForce GT 610 Gafikkarten,auction,,,,2020-11-22 19:20:00,https://www.ricardo.ch/de/a/3-nvidia-geforce-gt-610-gafikkarten-1144672612/
ASUS GeForce RTX 3070 ROG Strix O8G,direct,,,700.0,2020-11-19 12:19:00,https://www.ricardo.ch/de/a/asus-geforce-rtx-3070-rog-strix-o8g-1143419156/
ASUS GTX 560 1GB,auction,0,33.0,,2020-11-19 12:00:00,https://www.ricardo.ch/de/a/asus-gtx-560-1gb-1124524852/
NVIDIA Quadro K4200-Grafikkarte,auction,12,106.0,,2020-11-18 20:22:33.701283,https://www.ricardo.ch/de/a/nvidia-quadro-k4200-grafikkarte-1139970468/
Mac Pro GPU cable 6 pin PCI to mini PCI,direct,,,7.5,2020-11-19 11:46:00,https://www.ricardo.ch/de/a/mac-pro-gpu-cable-6-pin-pci-to-mini-pci-1144604130/
MSI GeForce 8600 GT,auction,0,16.0,,2020-11-22 02:02:00,https://www.ricardo.ch/de/a/msi-geforce-8600-gt-1139536748/
Cross fire bridge 85mm,direct,,,3.0,2020-11-19 16:54:00,https://www.ricardo.ch/de/a/cross-fire-bridge-85mm-1144803344/
Gigabyte GT630 2GB Graphics Card,hybrid,0,25.0,45.0,2020-11-21 11:58:00,https://www.ricardo.ch/de/a/gigabyte-gt630-2gb-graphics-card-1142750140/
Grafikkarte Zotac 9500GT 512MB DDR2,hybrid,0,10.0,20.0,2020-11-21 12:57:00,https://www.ricardo.ch/de/a/grafikkarte-zotac-9500gt-512mb-ddr2-1124151308/
nVidia Quadro NVS 290 Grafikkarte,auction,0,30.0,,2020-11-20 20:24:00,https://www.ricardo.ch/de/a/nvidia-quadro-nvs-290-grafikkarte-1113141410/
Grafik card 64MB,auction,0,2.5,,2020-11-26 12:40:00,https://www.ricardo.ch/de/a/grafik-card-64mb-1134260150/
NVIDIA FX5700 - PCI - 256Mb,hybrid,0,10.0,15.0,2020-11-22 19:26:00,https://www.ricardo.ch/de/a/nvidia-fx5700-pci-256mb-1141219576/
Grafikkarte eVGA Nvidia GeForce GTX 480,auction,0,55.0,,2020-11-25 16:54:00,https://www.ricardo.ch/de/a/grafikkarte-evga-nvidia-geforce-gtx-480-1127666818/
ATI Radeon HD 2600 XT,auction,0,17.0,,2020-11-23 09:43:00,https://www.ricardo.ch/de/a/ati-radeon-hd-2600-xt-1145204372/
2x Mini 6 Pin To 8 Pin Mac Pro GPU cable,direct,,,12.5,2020-11-19 14:56:00,https://www.ricardo.ch/de/a/2x-mini-6-pin-to-8-pin-mac-pro-gpu-cable-1144167506/
GPU CAD Nvidia Quadro K5000 - 4 Gb DDR5,direct,,,140.0,2020-11-19 07:00:00,https://www.ricardo.ch/de/a/gpu-cad-nvidia-quadro-k5000-4-gb-ddr5-1144577108/
Nvidia Quadro K4000 Grafikkarte,auction,,,,2020-11-18 20:24:00,https://www.ricardo.ch/de/a/nvidia-quadro-k4000-grafikkarte-1139973706/
Adapterkabel Motherboard Molex IDE 2 p,direct,,,2.95,2020-11-22 17:22:00,https://www.ricardo.ch/de/a/adapterkabel-motherboard-molex-ide-2-p-1126268874/
GeForce GTX 680 2Gb - Mac Pro bootscreen,direct,,,189.0,2020-11-19 15:32:00,https://www.ricardo.ch/de/a/geforce-gtx-680-2gb-mac-pro-bootscreen-1145055866/
NVIDIA Quadro NVS289 PCIe x16,auction,0,19.0,,2020-11-22 22:58:00,https://www.ricardo.ch/de/a/nvidia-quadro-nvs289-pcie-x16-1128312242/
GAINWARD RTX 2070,auction,0,300.0,,2020-11-24 20:00:00,https://www.ricardo.ch/de/a/gainward-rtx-2070-1145547130/
Gainward GeForce GTX 460 2GB,hybrid,0,29.0,39.0,2020-11-21 09:20:00,https://www.ricardo.ch/de/a/gainward-geforce-gtx-460-2gb-1142745824/
ASUS ENGT520 SILENT/DI/1GD3(LP),hybrid,0,19.0,35.0,2020-11-21 09:52:00,https://www.ricardo.ch/de/a/asus-engt520-silent-di-1gd3(lp)-1142749734/
ASUS GT610 Graphics Card on Sale,hybrid,0,15.0,25.0,2020-11-21 09:56:00,https://www.ricardo.ch/de/a/asus-gt610-graphics-card-on-sale-1142750016/
NVIDIA NVS300 512MB GDDR3 PCIe,auction,0,9.0,,2020-11-23 19:16:00,https://www.ricardo.ch/de/a/nvidia-nvs300-512mb-gddr3-pcie-1128311436/
Sapphire AMD Radeon HD6870 Graphikkarte,auction,0,35.0,,2020-11-21 11:42:00,https://www.ricardo.ch/de/a/sapphire-amd-radeon-hd6870-graphikkarte-1123662706/
Zotac GeForce RTX 3070 Twin Edge (8GB),direct,,,700.0,2020-11-20 10:10:00,https://www.ricardo.ch/de/a/zotac-geforce-rtx-3070-twin-edge-(8gb)-1142627996/
Radeon HD 7950 3 Gb Mac Pro bootscreen,direct,,,189.0,2020-11-19 16:20:00,https://www.ricardo.ch/de/a/radeon-hd-7950-3-gb-mac-pro-bootscreen-1144798806/
AMD Radeon HD 7970 3Gb MacPro bootscreen,direct,,,199.0,2020-11-19 16:24:00,https://www.ricardo.ch/de/a/amd-radeon-hd-7970-3gb-macpro-bootscreen-1144799266/
nVidia Quadro NVS 310,direct,,,22.5,2020-11-23 09:52:00,https://www.ricardo.ch/de/a/nvidia-quadro-nvs-310-1129170398/
Grafikkarte MSI GeForce GT 710 2GD3H,auction,,,,2020-11-19 21:09:00,https://www.ricardo.ch/de/a/grafikkarte-msi-geforce-gt-710-2gd3h-1144600412/
Nvidia Grafikkarte QUADRO K5000 4GB,hybrid,0,250.0,350.0,2020-11-19 09:47:00,https://www.ricardo.ch/de/a/nvidia-grafikkarte-quadro-k5000-4gb-1111756026/
Grafikkarte AMD Radeon R9 350,direct,,,39.0,2020-11-19 09:52:00,https://www.ricardo.ch/de/a/grafikkarte-amd-radeon-r9-350-1133819224/
Adapterkabel Motherboard Molex IDE 2 p,direct,,,2.95,2020-11-22 17:22:00,https://www.ricardo.ch/de/a/adapterkabel-motherboard-molex-ide-2-p-1126268896/
Nvidia 4 WAY SLI BRIDGE,direct,,,10.0,2020-11-21 16:20:00,https://www.ricardo.ch/de/a/nvidia-4-way-sli-bridge-1141505702/
SAPPHIRE NITRO+ RX 570,direct,,,120.0,2020-11-22 20:06:00,https://www.ricardo.ch/de/a/sapphire-nitro-rx-570-1122182742/
Grafikkarte MSI „MS-V047“ Ver: 1.0 PCIe,auction,0,10.0,,2020-11-22 21:16:00,https://www.ricardo.ch/de/a/grafikkarte-msi-%E2%80%9Ems-v047%E2%80%9C-ver-1.0-pcie-1121015308/
Nvidia 3 WAY SLI BRIDGE,direct,,,10.0,2020-11-21 16:20:00,https://www.ricardo.ch/de/a/nvidia-3-way-sli-bridge-1141505642/
"ASUS GeForce 7300 GS, 256 MB, PCIe",auction,0,10.0,,2020-11-22 21:16:00,https://www.ricardo.ch/de/a/asus-geforce-7300-gs-256-mb-pcie-1118515782/
Sapphire Nitro+ RX580 Special Edition 8G,hybrid,0,169.0,199.0,2020-11-18 19:53:35.270192,https://www.ricardo.ch/de/a/sapphire-nitro-rx580-special-edition-8g-1143009110/
Dell/ATI Radeon X300SE 128MB PCI-E Video,auction,0,7.5,,2020-11-25 15:00:00,https://www.ricardo.ch/de/a/dell-ati-radeon-x300se-128mb-pci-e-video-1128177950/
EVGA Nvidia GeForce GTX 1060 6GB,auction,,,,2020-11-22 20:20:00,https://www.ricardo.ch/de/a/evga-nvidia-geforce-gtx-1060-6gb-1145142794/
Matrox M9138 LP PCIe x16,auction,0,39.0,,2020-11-20 21:34:00,https://www.ricardo.ch/de/a/matrox-m9138-lp-pcie-x16-1136094566/
PCI IEEE 1394-Controllerkarte,direct,,,40.0,2020-11-24 22:12:00,https://www.ricardo.ch/de/a/pci-ieee-1394-controllerkarte-1097920892/
Grafikkarte AMD Radeon R7 430,direct,,,35.0,2020-11-19 09:56:00,https://www.ricardo.ch/de/a/grafikkarte-amd-radeon-r7-430-1133819738/
Mac Pro GPU cable 8 pin mini PCI,direct,,,8.5,2020-11-19 11:02:00,https://www.ricardo.ch/de/a/mac-pro-gpu-cable-8-pin-mini-pci-1142868526/
Nvidia Quadro 2000,direct,,,42.5,2020-11-25 10:28:00,https://www.ricardo.ch/de/a/nvidia-quadro-2000-1106870526/
Zotac GeForce GTX 470,auction,0,29.0,,2020-11-24 16:22:00,https://www.ricardo.ch/de/a/zotac-geforce-gtx-470-1116247780/
Grafikkarte Asus 2x DVI,direct,,,20.0,2020-11-23 21:16:00,https://www.ricardo.ch/de/a/grafikkarte-asus-2x-dvi-1115805186/
SATA 15 Pin Male M to PCI-e Express Card,direct,,,5.0,2020-11-23 22:40:00,https://www.ricardo.ch/de/a/sata-15-pin-male-m-to-pci-e-express-card-1143141824/
Grafikkarte Nvidia GT 630,direct,,,35.0,2020-11-28 04:36:00,https://www.ricardo.ch/de/a/grafikkarte-nvidia-gt-630-1132266506/
GV-N780OC-3GD v2.0,auction,,,,2020-11-22 13:17:00,https://www.ricardo.ch/de/a/gv-n780oc-3gd-v2.0-1145067236/
GIGABYTE RTX 3080 GAMING OC 10G,direct,,,1149.9,2020-11-20 22:26:00,https://www.ricardo.ch/de/a/gigabyte-rtx-3080-gaming-oc-10g-1144407008/
Sapphire Nitro+ RX580 Special Edition 8G,direct,,,199.0,2020-11-20 08:02:00,https://www.ricardo.ch/de/a/sapphire-nitro-rx580-special-edition-8g-1143648416/
Graphics card ATI Sapphire Radeon HD4870,hybrid,0,20.0,27.0,2020-11-25 10:52:00,https://www.ricardo.ch/de/a/graphics-card-ati-sapphire-radeon-hd4870-1138930344/
XFX RX 580 8 GB Grafikkarte,hybrid,0,165.0,190.0,2020-11-19 17:08:00,https://www.ricardo.ch/de/a/xfx-rx-580-8-gb-grafikkarte-1136772682/
Cable Molex to PCI 6 pin,direct,,,5.9,2020-11-20 17:22:00,https://www.ricardo.ch/de/a/cable-molex-to-pci-6-pin-1116581284/
Zotac Gaming RTX 2080 Ti AMP! 11GB,hybrid,0,599.0,770.0,2020-11-20 19:59:00,https://www.ricardo.ch/de/a/zotac-gaming-rtx-2080-ti-amp!-11gb-1145015708/
Graphics card ASUS EAH6670 DC SL/DI/1GD3,direct,,,12.0,2020-11-27 19:00:00,https://www.ricardo.ch/de/a/graphics-card-asus-eah6670-dc-sl-di-1gd3-1136254296/
GPU 8 pin cable splitter to 2 x 8 (6+2),direct,,,9.5,2020-11-18 21:28:00,https://www.ricardo.ch/de/a/gpu-8-pin-cable-splitter-to-2-x-8-(62)-1145313824/
GPU 6 pin cable splitter to 2 x 8 (6+2),direct,,,8.5,2020-11-18 21:40:00,https://www.ricardo.ch/de/a/gpu-6-pin-cable-splitter-to-2-x-8-(62)-1145317178/
Graphics card ASUS EAH 5450 1GB silent,direct,,,13.0,2020-11-23 15:08:00,https://www.ricardo.ch/de/a/graphics-card-asus-eah-5450-1gb-silent-1135890430/
Graphics card ASUS EAH6670 DC SL/DI/1GD3,direct,,,12.0,2020-11-23 14:48:00,https://www.ricardo.ch/de/a/graphics-card-asus-eah6670-dc-sl-di-1gd3-1137237054/
Graphics card Sapphire R5 230 2GB DDR3,direct,,,27.0,2020-11-22 17:44:00,https://www.ricardo.ch/de/a/graphics-card-sapphire-r5-230-2gb-ddr3-1135895008/
Asus nvidia SLI bridge 120 mm,direct,,,3.0,2020-11-19 17:02:00,https://www.ricardo.ch/de/a/asus-nvidia-sli-bridge-120-mm-1134274164/
GTX Titan 6GB,hybrid,0,99.0,199.0,2020-11-21 14:59:00,https://www.ricardo.ch/de/a/gtx-titan-6gb-1145426942/
Sapphire Nitro+ RX470 8GB Mining Edition,hybrid,0,149.0,169.0,2020-11-27 17:06:00,https://www.ricardo.ch/de/a/sapphire-nitro-rx470-8gb-mining-edition-1126114864/
GIGABYTE RX590 8GB VRAM,auction,,,,2020-11-20 12:27:00,https://www.ricardo.ch/de/a/gigabyte-rx590-8gb-vram-1144774128/
Sapphire Nitro+ RX580 Special Edition 8G,hybrid,0,169.0,199.0,2020-11-21 18:06:00,https://www.ricardo.ch/de/a/sapphire-nitro-rx580-special-edition-8g-1128543430/
Sapphire Radeon HD 3850 Ultimate,hybrid,0,19.0,99.0,2020-11-21 04:16:00,https://www.ricardo.ch/de/a/sapphire-radeon-hd-3850-ultimate-1110137284/
ASUS ROG Strix GeForce GTX1080 Ti (11GB),auction,16,330.0,,2020-11-18 21:02:00,https://www.ricardo.ch/de/a/asus-rog-strix-geforce-gtx1080-ti-(11gb)-1144546740/
Nvidia DIN Connector Quadro 3800 4000,direct,,,14.0,2020-11-20 18:54:00,https://www.ricardo.ch/de/a/nvidia-din-connector-quadro-3800-4000-1077609884/
MSI GeForce RTX 2060 Gaming Z,auction,0,340.0,,2020-11-20 17:31:00,https://www.ricardo.ch/de/a/msi-geforce-rtx-2060-gaming-z-1144361116/
AMD Radeon Pro WX 5100 - 8 Gb VRAM,direct,,,220.0,2020-11-19 18:14:00,https://www.ricardo.ch/de/a/amd-radeon-pro-wx-5100-8-gb-vram-1134441308/
Carte graphique pour Dell Precision,direct,,,120.0,2020-11-22 14:45:00,https://www.ricardo.ch/de/a/carte-graphique-pour-dell-precision-1144631582/
Graffik karte,hybrid,0,35.0,71.0,2020-11-25 15:20:00,https://www.ricardo.ch/de/a/graffik-karte-1123496694/
Gainward Geforce GTX 580 3GB Phantom,hybrid,0,60.0,95.0,2020-11-25 16:40:00,https://www.ricardo.ch/de/a/gainward-geforce-gtx-580-3gb-phantom-1116868370/
PCI Express Riser Card 1x to 16x USB 3,direct,,,7.0,2020-11-19 09:56:00,https://www.ricardo.ch/de/a/pci-express-riser-card-1x-to-16x-usb-3-1131112048/
Grafikkarte Asus HD5850 1Gb GDDR5 4Ghz,direct,,,24.95,2020-11-21 17:22:00,https://www.ricardo.ch/de/a/grafikkarte-asus-hd5850-1gb-gddr5-4ghz-1120367960/
NVIDIA Quadro NVS 315 x16 2x DVI 1GB,direct,,,29.0,2020-11-19 21:58:00,https://www.ricardo.ch/de/a/nvidia-quadro-nvs-315-x16-2x-dvi-1gb-1133905544/
ASUS STRIX RX580 08G Gaming,hybrid,0,150.0,200.0,2020-11-21 13:16:00,https://www.ricardo.ch/de/a/asus-strix-rx580-08g-gaming-1144925512/
Nvidia GT 630 1 Gb - Mac Pro bootscreen,direct,,,55.0,2020-11-19 18:08:00,https://www.ricardo.ch/de/a/nvidia-gt-630-1-gb-mac-pro-bootscreen-1122111550/
1 x 6-Pin PCIe zu 2 x Molex Power Kabel,direct,,,3.0,2020-11-22 10:46:00,https://www.ricardo.ch/de/a/1-x-6-pin-pcie-zu-2-x-molex-power-kabel-1138721882/
ASUS EN7600GT SILENT/2DHT/256M/A,auction,0,6.5,,2020-11-23 19:30:00,https://www.ricardo.ch/de/a/asus-en7600gt-silent-2dht-256m-a-1128828684/
Sapphire Nitro+ RX470 8GB Mining Edition,direct,,,179.0,2020-11-26 23:42:00,https://www.ricardo.ch/de/a/sapphire-nitro-rx470-8gb-mining-edition-1125572660/
Palit GeForce RTX 2080 Ti Gaming Pro,hybrid,0,650.0,800.0,2020-11-20 13:40:00,https://www.ricardo.ch/de/a/palit-geforce-rtx-2080-ti-gaming-pro-1144786114/
RADEON RX 480 GAMING X 8G,hybrid,0,159.0,199.0,2020-11-23 23:20:00,https://www.ricardo.ch/de/a/radeon-rx-480-gaming-x-8g-1144239228/
DUAL Fan Für MSI Geforce GTX 1050 1050TI,direct,,,29.0,2020-11-19 09:00:00,https://www.ricardo.ch/de/a/dual-fan-fuer-msi-geforce-gtx-1050-1050ti-1132651472/
***TOP***AsusGTX 760-DC2T-2GD5-Grafikka.,hybrid,0,138.0,199.0,2020-11-23 17:06:00,https://www.ricardo.ch/de/a/***top***asusgtx-760-dc2t-2gd5-grafikka.-1119775590/
"Rallonge GPU, 18 centimètres",direct,,,7.0,2020-11-18 22:30:00,https://www.ricardo.ch/de/a/rallonge-gpu-18-centimetres-1135212282/
Graphikkarte ASUS passiv gekühlt (hBh),direct,,,20.0,2020-11-19 15:00:00,https://www.ricardo.ch/de/a/graphikkarte-asus-passiv-gekuehlt-(hbh)-1135316816/
"Sapphire RX 580 NITRO + (4GB, Mid-range)",hybrid,0,99.0,199.0,2020-11-21 15:00:00,https://www.ricardo.ch/de/a/sapphire-rx-580-nitro-(4gb-mid-range)-1144937172/
NVIDIA GeForce GTX 970 - ASUS Strix,hybrid,0,119.0,199.0,2020-11-24 21:00:00,https://www.ricardo.ch/de/a/nvidia-geforce-gtx-970-asus-strix-1145015636/
GeForce GTX 1650 Windforce OC 4GB,auction,0,125.0,,2020-11-22 20:03:00,https://www.ricardo.ch/de/a/geforce-gtx-1650-windforce-oc-4gb-1143967860/
carte graphique Asus GT 730 2 gb,hybrid,0,15.0,30.0,2020-11-22 12:19:00,https://www.ricardo.ch/de/a/carte-graphique-asus-gt-730-2-gb-1145058148/
Asus GTX 970 Strix DC2OC-4GD5,hybrid,0,70.0,110.0,2020-11-19 12:00:00,https://www.ricardo.ch/de/a/asus-gtx-970-strix-dc2oc-4gd5-1142907214/
NVIDIA GeForce GT710 - NEW / Postversand,hybrid,0,39.0,61.0,2020-11-21 22:47:00,https://www.ricardo.ch/de/a/nvidia-geforce-gt710-new-postversand-1122947234/
Grafikkarte Asus GTX 780,direct,,,90.0,2020-11-20 17:45:00,https://www.ricardo.ch/de/a/grafikkarte-asus-gtx-780-1144141194/
Gtx 1080 Ti Gaming X 11G,hybrid,0,400.0,600.0,2020-11-21 11:14:00,https://www.ricardo.ch/de/a/gtx-1080-ti-gaming-x-11g-1142998942/
ASUS ENGTS250 Dark Knight Series!,direct,,,20.0,2020-11-27 18:26:00,https://www.ricardo.ch/de/a/asus-engts250-dark-knight-series!-1128285946/
MSI Grafikkarte,hybrid,0,5.0,12.0,2020-11-22 21:01:00,https://www.ricardo.ch/de/a/msi-grafikkarte-1125485894/
ASUS ENGTS250 DK DI,direct,,,25.0,2020-11-27 18:26:00,https://www.ricardo.ch/de/a/asus-engts250-dk-di-1128285950/
Nvidia NVS310,direct,,,20.0,2020-11-24 12:58:00,https://www.ricardo.ch/de/a/nvidia-nvs310-1144922008/
Nvidia NVS 300 - 512 MB,direct,,,15.0,2020-11-25 12:22:00,https://www.ricardo.ch/de/a/nvidia-nvs-300-512-mb-1109662834/
Gainward GeForce GTX 1050,hybrid,0,60.0,100.0,2020-11-21 13:48:00,https://www.ricardo.ch/de/a/gainward-geforce-gtx-1050-1144928384/
"ASUS GeForce GTX 280, 1'024MB, GDDR3",direct,,,39.0,2020-11-22 16:40:00,https://www.ricardo.ch/de/a/asus-geforce-gtx-280-1'024mb-gddr3-981698680/
GeeoForce Grafikkarte,auction,0,28.9,,2020-11-24 09:29:00,https://www.ricardo.ch/de/a/geeoforce-grafikkarte-1111724492/
XFX HD 6870 Black Edition,hybrid,0,44.0,47.0,2020-11-25 00:10:00,https://www.ricardo.ch/de/a/xfx-hd-6870-black-edition-1126169608/
"Gainward RTX 2080 Phoenix GS, warranty",hybrid,0,480.0,600.0,2020-11-20 12:01:00,https://www.ricardo.ch/de/a/gainward-rtx-2080-phoenix-gs-warranty-1143409706/
Carte graphique MSI GTX 1050,direct,,,90.0,2020-11-25 09:42:00,https://www.ricardo.ch/de/a/carte-graphique-msi-gtx-1050-1094773646/
Sapphire Radeon R9 290X BF4,auction,0,60.0,,2020-11-23 09:29:00,https://www.ricardo.ch/de/a/sapphire-radeon-r9-290x-bf4-1143489484/
Nvidia NVS 310 - Dual DP / 512 MB,direct,,,20.0,2020-11-21 11:58:00,https://www.ricardo.ch/de/a/nvidia-nvs-310-dual-dp-512-mb-1097835526/
ASUS GeForce GTX690-4GD5 (Grafikkarte),hybrid,0,115.0,140.0,2020-11-22 13:23:00,https://www.ricardo.ch/de/a/asus-geforce-gtx690-4gd5-(grafikkarte)-1130636340/
Intel Core i5-3550 3.30GHz,auction,0,99.0,,2020-11-22 22:02:00,https://www.ricardo.ch/de/a/intel-core-i5-3550-3.30ghz-1143835646/
GTX 1060 6144M GDDR5 192bit DVI3-DP HDMI,auction,0,150.0,,2020-11-21 19:45:00,https://www.ricardo.ch/de/a/gtx-1060-6144m-gddr5-192bit-dvi3-dp-hdmi-1144599374/
NVIDIA NVS 510 graphics card / PCI-e,hybrid,0,195.0,235.0,2020-11-22 13:30:00,https://www.ricardo.ch/de/a/nvidia-nvs-510-graphics-card-pci-e-1104110594/
Radeon HD 4350 PCI Express,direct,,,25.0,2020-11-22 10:08:00,https://www.ricardo.ch/de/a/radeon-hd-4350-pci-express-1113752850/
Gigabyte 3- Way SLI Karte,direct,,,8.0,2020-11-23 20:26:00,https://www.ricardo.ch/de/a/gigabyte-3-way-sli-karte-1103557316/
Grafikkarte PNY Nvidia Quadro NVS 300,hybrid,0,66.0,80.0,2020-11-24 20:12:00,https://www.ricardo.ch/de/a/grafikkarte-pny-nvidia-quadro-nvs-300-1141957670/
Gamer PC; GTX ROG STRIX 1070: 24 GB RAM,direct,,,600.0,2020-11-22 15:17:00,https://www.ricardo.ch/de/a/gamer-pc-gtx-rog-strix-1070-24-gb-ram-1144634992/
Msi rtx 2081 ti ventus 11g PCIe,auction,0,600.0,,2020-11-22 15:29:00,https://www.ricardo.ch/de/a/msi-rtx-2081-ti-ventus-11g-pcie-1142051818/
Ordinateur Asus i3 2.8Gh,hybrid,0,150.0,220.0,2020-11-19 10:46:00,https://www.ricardo.ch/de/a/ordinateur-asus-i3-2.8gh-1142475806/
HIS HD5770 Grafikkarte,direct,,,27.0,2020-11-19 16:58:00,https://www.ricardo.ch/de/a/his-hd5770-grafikkarte-1118249584/
Gainward GeForce GTX 550TI,direct,,,33.0,2020-11-19 13:54:00,https://www.ricardo.ch/de/a/gainward-geforce-gtx-550ti-1132284536/
Asus ENGTX650 TI DCII/2DI/1GD5,direct,,,42.0,2020-11-19 16:18:00,https://www.ricardo.ch/de/a/asus-engtx650-ti-dcii-2di-1gd5-1118246452/
Sapphire / AMD HD6450 Grafikkarte,hybrid,0,40.0,50.0,2020-11-22 17:46:00,https://www.ricardo.ch/de/a/sapphire-amd-hd6450-grafikkarte-1145109768/
NVIDIA NVS 510,direct,,,69.9,2020-11-21 13:06:00,https://www.ricardo.ch/de/a/nvidia-nvs-510-1127058110/
Grafikk: Sapphire R9 390 Nitro Tri-X OC,hybrid,2,67.0,135.0,2020-11-22 20:00:00,https://www.ricardo.ch/de/a/grafikk-sapphire-r9-390-nitro-tri-x-oc-1145175602/
Asus Radeon R9 270X Grafikarte,direct,,,129.0,2020-11-20 17:58:00,https://www.ricardo.ch/de/a/asus-radeon-r9-270x-grafikarte-1109698592/
EK-FC1070 GTX Ti ASUS RGB - Nickel,direct,,,130.0,2020-11-20 10:42:00,https://www.ricardo.ch/de/a/ek-fc1070-gtx-ti-asus-rgb-nickel-1099694118/
2 x PCIe 8 (6 + 2) Stift Grafikkarte PCI,direct,,,5.0,2020-11-26 17:04:00,https://www.ricardo.ch/de/a/2-x-pcie-8-(6-2)-stift-grafikkarte-pci-1137731988/
Zotac RTX 3070 Twin Edge,direct,,,700.0,2020-11-27 10:27:00,https://www.ricardo.ch/de/a/zotac-rtx-3070-twin-edge-1145381076/
MSI GF65 Thin 9SEXR-236XES,hybrid,0,800.0,1100.0,2020-11-19 23:29:00,https://www.ricardo.ch/de/a/msi-gf65-thin-9sexr-236xes-1140193136/
MSI GeForce RTX 2080 Ti Gaming X Trio,direct,,,830.0,2020-11-25 20:26:00,https://www.ricardo.ch/de/a/msi-geforce-rtx-2080-ti-gaming-x-trio-1144561152/
"Älterer Gaming Pc, guter Zustand",auction,0,350.0,,2020-11-18 20:29:00,https://www.ricardo.ch/de/a/aelterer-gaming-pc-guter-zustand-1144438142/
EVGA Geforce GTX 950 SC,hybrid,0,50.0,80.0,2020-11-23 23:16:00,https://www.ricardo.ch/de/a/evga-geforce-gtx-950-sc-1143306640/
Sapphire Radeon rx 580 8gb,auction,8,150.0,,2020-11-21 15:59:00,https://www.ricardo.ch/de/a/sapphire-radeon-rx-580-8gb-1144990686/
GeForce GTX 1070,auction,7,210.0,,2020-11-18 20:30:00,https://www.ricardo.ch/de/a/geforce-gtx-1070-1144790688/
AMD Radeon rx 570 8gb OC,hybrid,0,200.0,300.0,2020-11-24 07:18:00,https://www.ricardo.ch/de/a/amd-radeon-rx-570-8gb-oc-1145358970/
Nvidia Quadro K2000,hybrid,0,50.0,100.0,2020-11-25 12:01:00,https://www.ricardo.ch/de/a/nvidia-quadro-k2000-1145056742/
ASUS GTX 1060 6GB,hybrid,6,90.0,300.0,2020-11-22 13:10:00,https://www.ricardo.ch/de/a/asus-gtx-1060-6gb-1145066718/
Nvidia Quadro M4000 8GB,direct,,,300.0,2020-11-20 13:33:00,https://www.ricardo.ch/de/a/nvidia-quadro-m4000-8gb-1141039434/
Gigabyte GeForce RTX 3080 EAGLE OC 10GB,hybrid,22,875.0,1200.0,2020-11-18 20:30:00,https://www.ricardo.ch/de/a/gigabyte-geforce-rtx-3080-eagle-oc-10gb-1144507656/
Sapphire Pulse Radeon RX 580 - Grafik...,direct,,,259.6,2020-11-25 10:04:00,https://www.ricardo.ch/de/a/sapphire-pulse-radeon-rx-580-grafik...-1137533718/
GTX650 1G,auction,0,20.0,,2020-11-22 11:00:00,https://www.ricardo.ch/de/a/gtx650-1g-1143977588/
Grafikkarte geforce gtx 650 1GB,auction,0,20.0,,2020-11-23 07:40:00,https://www.ricardo.ch/de/a/grafikkarte-geforce-gtx-650-1gb-1143037402/
Apple Mac ATI Mach64 Grafikkarte PCI,auction,0,5.0,,2020-11-19 10:04:00,https://www.ricardo.ch/de/a/apple-mac-ati-mach64-grafikkarte-pci-1022511322/
2x Grafikkarte / Zotac + Asus,hybrid,0,11.0,12.0,2020-11-20 23:25:00,https://www.ricardo.ch/de/a/2x-grafikkarte-zotac-asus-1141940370/
USB 3.0 auf to HDMI Grafik Konverter 2,direct,,,34.9,2020-11-22 11:48:00,https://www.ricardo.ch/de/a/usb-3.0-auf-to-hdmi-grafik-konverter-2-1132674566/
SAPPHIRE NITRO R9 380x 4GB GDDR5 256bit,hybrid,0,99.0,149.0,2020-11-22 12:20:00,https://www.ricardo.ch/de/a/sapphire-nitro-r9-380x-4gb-gddr5-256bit-1106954340/
XFX RADEON HD 6870 1GB Graphics Card,hybrid,0,25.0,39.0,2020-11-27 20:04:00,https://www.ricardo.ch/de/a/xfx-radeon-hd-6870-1gb-graphics-card-1145579358/
Zotac Gtx560 Ti448 cores Limited Edition,hybrid,0,50.0,200.0,2020-11-22 12:16:00,https://www.ricardo.ch/de/a/zotac-gtx560-ti448-cores-limited-edition-1141858634/
Asuss GeForce ROG STRIX GTX 1060 6GB,hybrid,0,180.0,250.0,2020-11-22 16:16:00,https://www.ricardo.ch/de/a/asuss-geforce-rog-strix-gtx-1060-6gb-1129882238/
Bitspower VG-N980TIAS Acrylic in OvP - 1,auction,0,45.0,,2020-11-18 20:40:00,https://www.ricardo.ch/de/a/bitspower-vg-n980tias-acrylic-in-ovp-1-1139441584/
Bitspower VG-N980TIAS Acrylic in OvP - 2,auction,0,45.0,,2020-11-18 20:40:00,https://www.ricardo.ch/de/a/bitspower-vg-n980tias-acrylic-in-ovp-2-1139441586/
Grafikkarte NVIDIA NVS 310,direct,,,49.9,2020-11-19 18:02:00,https://www.ricardo.ch/de/a/grafikkarte-nvidia-nvs-310-1144516772/
USB3.1 Typ C zu VGA Konverter Adapter 11,direct,,,19.8,2020-11-20 04:30:00,https://www.ricardo.ch/de/a/usb3.1-typ-c-zu-vga-konverter-adapter-11-888613626/
Nvidia GTX 750Ti Einsteiger Grafikkarte,hybrid,0,30.0,50.0,2020-11-21 16:58:00,https://www.ricardo.ch/de/a/nvidia-gtx-750ti-einsteiger-grafikkarte-1145267428/
Matrox Millennium G450 32MB 64-bit DDR P,direct,,,20.0,2020-11-21 11:40:00,https://www.ricardo.ch/de/a/matrox-millennium-g450-32mb-64-bit-ddr-p-1107856934/
USB 3.1 Typ C zu HDMI Adapterkabel,direct,,,12.5,2020-11-23 18:46:00,https://www.ricardo.ch/de/a/usb-3.1-typ-c-zu-hdmi-adapterkabel-1116983992/
Nvidia Quadro K5000 - 4 Gb DDR5,auction,0,700.0,,2020-11-23 16:59:00,https://www.ricardo.ch/de/a/nvidia-quadro-k5000-4-gb-ddr5-1143053704/
R9 280X GAMING 3G (Grafikkarte),auction,0,60.0,,2020-11-23 22:02:00,https://www.ricardo.ch/de/a/r9-280x-gaming-3g-(grafikkarte)-1140001330/
Asus GEFORCE gtx 1060 6gb,auction,0,150.0,,2020-11-21 11:59:00,https://www.ricardo.ch/de/a/asus-geforce-gtx-1060-6gb-1145296058/
USB 3.0 to VGA Graphic Card Display Adap,direct,,,35.0,2020-11-20 13:00:00,https://www.ricardo.ch/de/a/usb-3.0-to-vga-graphic-card-display-adap-991696330/
PCI-Karte approx! APPPCIE2S 2 Parallele,direct,,,27.35,2020-11-19 18:01:00,https://www.ricardo.ch/de/a/pci-karte-approx!-apppcie2s-2-parallele-1145583710/
ATI CROSSFIRE Adapterkabel,hybrid,0,6.0,11.0,2020-11-21 18:54:00,https://www.ricardo.ch/de/a/ati-crossfire-adapterkabel-1108903104/
Palit NVIDIA GeForce GTX 960,auction,,,,2020-11-21 18:53:00,https://www.ricardo.ch/de/a/palit-nvidia-geforce-gtx-960-1145248630/
Matrox Y16149-01 DVI MXO Converter Kabe,direct,,,17.0,2020-11-27 13:52:00,https://www.ricardo.ch/de/a/matrox-y16149-01-dvi-mxo-converter-kabe-1132179714/
AMD Radeon Pro WX 9100,hybrid,0,600.0,1350.0,2020-11-21 20:33:00,https://www.ricardo.ch/de/a/amd-radeon-pro-wx-9100-1141088784/
AMD crossfire,direct,,,6.0,2020-11-24 11:54:00,https://www.ricardo.ch/de/a/amd-crossfire-1136016096/
Grafikkarte Matrox 2x DVI,direct,,,15.0,2020-11-23 21:18:00,https://www.ricardo.ch/de/a/grafikkarte-matrox-2x-dvi-1115805890/
Micro HDMI Adapter HDMI,direct,,,8.0,2020-11-26 07:04:00,https://www.ricardo.ch/de/a/micro-hdmi-adapter-hdmi-1119678202/
ASUS AMD Radeon HD 6670,direct,,,49.0,2020-11-23 16:04:00,https://www.ricardo.ch/de/a/asus-amd-radeon-hd-6670-1000841932/
Nvidia GTX 960 4 GB,hybrid,2,12.0,120.0,2020-11-20 18:00:00,https://www.ricardo.ch/de/a/nvidia-gtx-960-4-gb-1145439528/
Mini Display Port zu DVI,direct,,,11.0,2020-11-26 18:06:00,https://www.ricardo.ch/de/a/mini-display-port-zu-dvi-1095658998/
FSC D2823-a11 Gs1 D2823 DVI Add On Card,direct,,,20.0,2020-11-20 11:46:00,https://www.ricardo.ch/de/a/fsc-d2823-a11-gs1-d2823-dvi-add-on-card-1132543508/
Adaptateur Molex à 3 pin ventilateur,direct,,,3.0,2020-11-20 16:58:00,https://www.ricardo.ch/de/a/adaptateur-molex-a-3-pin-ventilateur-1135017868/
EVGA Geforce GTX 770 2 GB GDDR5,hybrid,0,100.0,120.0,2020-11-21 17:08:00,https://www.ricardo.ch/de/a/evga-geforce-gtx-770-2-gb-gddr5-1142774558/
Grafikkarte Maintek / Asustek LCD,hybrid,0,3.0,8.0,2020-11-22 21:34:00,https://www.ricardo.ch/de/a/grafikkarte-maintek-asustek-lcd-1116449088/
Nivida Grafikkarte aus HP PC,hybrid,0,4.0,8.0,2020-11-22 22:14:00,https://www.ricardo.ch/de/a/nivida-grafikkarte-aus-hp-pc-1091986496/
Grafikkarte Radeon HD 4870,hybrid,0,15.0,30.0,2020-11-22 21:22:00,https://www.ricardo.ch/de/a/grafikkarte-radeon-hd-4870-1144167146/
Matrox MGI M9140 E512LAF 512MB Graphics,direct,,,35.0,2020-11-22 10:36:00,https://www.ricardo.ch/de/a/matrox-mgi-m9140-e512laf-512mb-graphics-1107848486/
Nvidia geforce gt730,auction,0,100.0,,2020-11-20 09:15:00,https://www.ricardo.ch/de/a/nvidia-geforce-gt730-1099587856/
Dallmeier SCD-25 Rev.1.1.2/1 PCI Card,direct,,,20.0,2020-11-22 10:32:00,https://www.ricardo.ch/de/a/dallmeier-scd-25-rev.1.1.2-1-pci-card-1107847828/
Grafikkarte Dell Quadro P2000 Neu ungebr,auction,0,300.0,,2020-11-20 16:38:00,https://www.ricardo.ch/de/a/grafikkarte-dell-quadro-p2000-neu-ungebr-1106782250/
ELSA 3D Revelator - Infrared Version,direct,,,60.0,2020-11-23 13:58:00,https://www.ricardo.ch/de/a/elsa-3d-revelator-infrared-version-991611984/
Grafikkarte Nvidia GeForce RTX 2080 Ti,direct,,,699.0,2020-11-24 09:20:00,https://www.ricardo.ch/de/a/grafikkarte-nvidia-geforce-rtx-2080-ti-1144897304/
GTX 1050 TI OC GAMING,direct,,,150.0,2020-11-23 20:45:00,https://www.ricardo.ch/de/a/gtx-1050-ti-oc-gaming-1144848100/
